Year,Team,Game,Date,Start (ET),Away game indicator,Opponent,Result,Tm,Opp,W,L,Streak,Notes,Home or Away
2022,Chicago Bulls,1,"Wed, Oct 19, 2022",7:30p,@,Miami Heat,W,116,108,1,0,W 1,,Away
2022,Chicago Bulls,2,"Fri, Oct 21, 2022",7:00p,@,Washington Wizards,L,100,102,1,1,L 1,,Away
2022,Chicago Bulls,3,"Sat, Oct 22, 2022",8:00p,,Cleveland Cavaliers,L,96,128,1,2,L 2,,Home
2022,Chicago Bulls,4,"Mon, Oct 24, 2022",8:00p,,Boston Celtics,W,120,102,2,2,W 1,,Home
2022,Chicago Bulls,5,"Wed, Oct 26, 2022",8:00p,,Indiana Pacers,W,124,109,3,2,W 2,,Home
2022,Chicago Bulls,6,"Fri, Oct 28, 2022",8:30p,@,San Antonio Spurs,L,124,129,3,3,L 1,,Away
2022,Chicago Bulls,7,"Sat, Oct 29, 2022",8:00p,,Philadelphia 76ers,L,109,114,3,4,L 2,,Home
2022,Chicago Bulls,8,"Tue, Nov 1, 2022",7:30p,@,Brooklyn Nets,W,108,99,4,4,W 1,,Away
2022,Chicago Bulls,9,"Wed, Nov 2, 2022",8:00p,,Charlotte Hornets,W,106,88,5,4,W 2,,Home
2022,Chicago Bulls,10,"Fri, Nov 4, 2022",7:30p,@,Boston Celtics,L,119,123,5,5,L 1,,Away
2022,Chicago Bulls,11,"Sun, Nov 6, 2022",6:00p,@,Toronto Raptors,L,104,113,5,6,L 2,,Away
2022,Chicago Bulls,12,"Mon, Nov 7, 2022",8:45p,,Toronto Raptors,W,111,97,6,6,W 1,,Home
2022,Chicago Bulls,13,"Wed, Nov 9, 2022",8:00p,,New Orleans Pelicans,L,111,115,6,7,L 1,,Home
2022,Chicago Bulls,14,"Sun, Nov 13, 2022",8:00p,,Denver Nuggets,L,103,126,6,8,L 2,,Home
2022,Chicago Bulls,15,"Wed, Nov 16, 2022",8:00p,@,New Orleans Pelicans,L,110,124,6,9,L 3,,Away
2022,Chicago Bulls,16,"Fri, Nov 18, 2022",8:00p,,Orlando Magic,L,107,108,6,10,L 4,,Home
2022,Chicago Bulls,17,"Mon, Nov 21, 2022",8:00p,,Boston Celtics,W,121,107,7,10,W 1,,Home
2022,Chicago Bulls,18,"Wed, Nov 23, 2022",8:00p,@,Milwaukee Bucks,W,118,113,8,10,W 2,,Away
2022,Chicago Bulls,19,"Fri, Nov 25, 2022",8:00p,@,Oklahoma City Thunder,L,119,123,8,11,L 1,,Away
2022,Chicago Bulls,20,"Mon, Nov 28, 2022",9:00p,@,Utah Jazz,W,114,107,9,11,W 1,,Away
2022,Chicago Bulls,21,"Wed, Nov 30, 2022",9:00p,@,Phoenix Suns,L,113,132,9,12,L 1,,Away
2022,Chicago Bulls,22,"Fri, Dec 2, 2022",10:00p,@,Golden State Warriors,L,111,119,9,13,L 2,,Away
2022,Chicago Bulls,23,"Sun, Dec 4, 2022",6:00p,@,Sacramento Kings,L,101,110,9,14,L 3,,Away
2022,Chicago Bulls,24,"Wed, Dec 7, 2022",8:00p,,Washington Wizards,W,115,111,10,14,W 1,,Home
2022,Chicago Bulls,25,"Sat, Dec 10, 2022",8:00p,,Dallas Mavericks,W,144,115,11,14,W 2,,Home
2022,Chicago Bulls,26,"Sun, Dec 11, 2022",6:30p,@,Atlanta Hawks,L,122,123,11,15,L 1,,Away
2022,Chicago Bulls,27,"Wed, Dec 14, 2022",7:30p,,New York Knicks,L,120,128,11,16,L 2,,Home
2022,Chicago Bulls,28,"Fri, Dec 16, 2022",8:00p,,New York Knicks,L,91,114,11,17,L 3,,Home
2022,Chicago Bulls,29,"Sun, Dec 18, 2022",7:00p,@,Minnesota Timberwolves,L,126,150,11,18,L 4,,Away
2022,Chicago Bulls,30,"Tue, Dec 20, 2022",7:30p,@,Miami Heat,W,113,103,12,18,W 1,,Away
2022,Chicago Bulls,31,"Wed, Dec 21, 2022",7:30p,@,Atlanta Hawks,W,110,108,13,18,W 2,,Away
2022,Chicago Bulls,32,"Fri, Dec 23, 2022",7:30p,@,New York Knicks,W,118,117,14,18,W 3,,Away
2022,Chicago Bulls,33,"Mon, Dec 26, 2022",8:00p,,Houston Rockets,L,118,133,14,19,L 1,,Home
2022,Chicago Bulls,34,"Wed, Dec 28, 2022",8:00p,,Milwaukee Bucks,W,119,113,15,19,W 1,,Home
2022,Chicago Bulls,35,"Fri, Dec 30, 2022",8:00p,,Detroit Pistons,W,132,118,16,19,W 2,,Home
2022,Chicago Bulls,36,"Sat, Dec 31, 2022",7:00p,,Cleveland Cavaliers,L,102,103,16,20,L 1,,Home
2022,Chicago Bulls,37,"Mon, Jan 2, 2023",7:00p,@,Cleveland Cavaliers,L,134,145,16,21,L 2,,Away
2022,Chicago Bulls,38,"Wed, Jan 4, 2023",8:00p,,Brooklyn Nets,W,121,112,17,21,W 1,,Home
2022,Chicago Bulls,39,"Fri, Jan 6, 2023",7:00p,@,Philadelphia 76ers,W,126,112,18,21,W 2,,Away
2022,Chicago Bulls,40,"Sat, Jan 7, 2023",8:00p,,Utah Jazz,W,126,118,19,21,W 3,,Home
2022,Chicago Bulls,41,"Mon, Jan 9, 2023",7:30p,@,Boston Celtics,L,99,107,19,22,L 1,,Away
2022,Chicago Bulls,42,"Wed, Jan 11, 2023",7:00p,@,Washington Wizards,L,97,100,19,23,L 2,,Away
2022,Chicago Bulls,43,"Fri, Jan 13, 2023",8:00p,,Oklahoma City Thunder,L,110,124,19,24,L 3,,Home
2022,Chicago Bulls,44,"Sun, Jan 15, 2023",3:30p,,Golden State Warriors,W,132,118,20,24,W 1,,Home
2022,Chicago Bulls,45,"Thu, Jan 19, 2023",3:00p,@,Detroit Pistons,W,126,108,21,24,W 2,,Away
2022,Chicago Bulls,46,"Mon, Jan 23, 2023",8:00p,,Atlanta Hawks,W,111,100,22,24,W 3,,Home
2022,Chicago Bulls,47,"Tue, Jan 24, 2023",7:00p,@,Indiana Pacers,L,110,116,22,25,L 1,,Away
2022,Chicago Bulls,48,"Thu, Jan 26, 2023",7:30p,@,Charlotte Hornets,L,96,111,22,26,L 2,,Away
2022,Chicago Bulls,49,"Sat, Jan 28, 2023",7:00p,@,Orlando Magic,W,128,109,23,26,W 1,,Away
2022,Chicago Bulls,50,"Tue, Jan 31, 2023",8:00p,,Los Angeles Clippers,L,103,108,23,27,L 1,,Home
2022,Chicago Bulls,51,"Thu, Feb 2, 2023",8:00p,,Charlotte Hornets,W,114,98,24,27,W 1,,Home
2022,Chicago Bulls,52,"Sat, Feb 4, 2023",8:00p,,Portland Trail Blazers,W,129,121,25,27,W 2,,Home
2022,Chicago Bulls,53,"Mon, Feb 6, 2023",8:00p,,San Antonio Spurs,W,128,104,26,27,W 3,,Home
2022,Chicago Bulls,54,"Tue, Feb 7, 2023",8:00p,@,Memphis Grizzlies,L,89,104,26,28,L 1,,Away
2022,Chicago Bulls,55,"Thu, Feb 9, 2023",7:30p,@,Brooklyn Nets,L,105,116,26,29,L 2,,Away
2022,Chicago Bulls,56,"Sat, Feb 11, 2023",8:00p,@,Cleveland Cavaliers,L,89,97,26,30,L 3,,Away
2022,Chicago Bulls,57,"Mon, Feb 13, 2023",8:00p,,Orlando Magic,L,91,100,26,31,L 4,,Home
2022,Chicago Bulls,58,"Wed, Feb 15, 2023",7:00p,@,Indiana Pacers,L,113,117,26,32,L 5,,Away
2022,Chicago Bulls,59,"Thu, Feb 16, 2023",7:30p,,Milwaukee Bucks,L,100,112,26,33,L 6,,Home
2022,Chicago Bulls,60,"Fri, Feb 24, 2023",8:00p,,Brooklyn Nets,W,131,87,27,33,W 1,,Home
2022,Chicago Bulls,61,"Sun, Feb 26, 2023",3:30p,,Washington Wizards,W,102,82,28,33,W 2,,Home
2022,Chicago Bulls,62,"Tue, Feb 28, 2023",7:30p,@,Toronto Raptors,L,98,104,28,34,L 1,,Away
2022,Chicago Bulls,63,"Wed, Mar 1, 2023",7:00p,@,Detroit Pistons,W,117,115,29,34,W 1,,Away
2022,Chicago Bulls,64,"Fri, Mar 3, 2023",8:00p,,Phoenix Suns,L,104,125,29,35,L 1,,Home
2022,Chicago Bulls,65,"Sun, Mar 5, 2023",3:30p,,Indiana Pacers,L,122,125,29,36,L 2,,Home
2022,Chicago Bulls,66,"Wed, Mar 8, 2023",9:00p,@,Denver Nuggets,W,117,96,30,36,W 1,,Away
2022,Chicago Bulls,67,"Sat, Mar 11, 2023",8:00p,@,Houston Rockets,W,119,111,31,36,W 2,,Away
2022,Chicago Bulls,68,"Wed, Mar 15, 2023",8:00p,,Sacramento Kings,L,114,117,31,37,L 1,,Home
2022,Chicago Bulls,69,"Fri, Mar 17, 2023",8:00p,,Minnesota Timberwolves,W,139,131,32,37,W 1,,Home
2022,Chicago Bulls,70,"Sat, Mar 18, 2023",8:00p,,Miami Heat,W,113,99,33,37,W 2,,Home
2022,Chicago Bulls,71,"Mon, Mar 20, 2023",7:00p,@,Philadelphia 76ers,W,109,105,34,37,W 3,,Away
2022,Chicago Bulls,72,"Wed, Mar 22, 2023",8:00p,,Philadelphia 76ers,L,91,116,34,38,L 1,,Home
2022,Chicago Bulls,73,"Fri, Mar 24, 2023",10:00p,@,Portland Trail Blazers,W,124,96,35,38,W 1,,Away
2022,Chicago Bulls,74,"Sun, Mar 26, 2023",3:30p,@,Los Angeles Lakers,W,118,108,36,38,W 2,,Away
2022,Chicago Bulls,75,"Mon, Mar 27, 2023",10:30p,@,Los Angeles Clippers,L,112,124,36,39,L 1,,Away
2022,Chicago Bulls,76,"Wed, Mar 29, 2023",8:00p,,Los Angeles Lakers,L,110,121,36,40,L 2,,Home
2022,Chicago Bulls,77,"Fri, Mar 31, 2023",7:00p,@,Charlotte Hornets,W,121,91,37,40,W 1,,Away
2022,Chicago Bulls,78,"Sun, Apr 2, 2023",3:30p,,Memphis Grizzlies,W,128,107,38,40,W 2,,Home
2022,Chicago Bulls,79,"Tue, Apr 4, 2023",8:00p,,Atlanta Hawks,L,105,123,38,41,L 1,,Home
2022,Chicago Bulls,80,"Wed, Apr 5, 2023",7:30p,@,Milwaukee Bucks,L,92,105,38,42,L 2,,Away
2022,Chicago Bulls,81,"Fri, Apr 7, 2023",8:30p,@,Dallas Mavericks,W,115,112,39,42,W 1,,Away
2022,Chicago Bulls,82,"Sun, Apr 9, 2023",1:00p,,Detroit Pistons,W,103,81,40,42,W 2,,Home
2022,Chicago Bulls,83,"Wed, Apr 12, 2023",7:00p,@,Toronto Raptors,W,109,105,41,42,W 3,Play-In Game,Away
2022,Chicago Bulls,84,"Fri, Apr 14, 2023",7:00p,@,Miami Heat,L,91,102,41,43,L 1,Play-In Game,Away
2021,Chicago Bulls,1,"Wed, Oct 20, 2021",7:00p,@,Detroit Pistons,W,94,88,1,0,W 1,,Away
2021,Chicago Bulls,2,"Fri, Oct 22, 2021",8:00p,,New Orleans Pelicans,W,128,112,2,0,W 2,,Home
2021,Chicago Bulls,3,"Sat, Oct 23, 2021",8:00p,,Detroit Pistons,W,97,82,3,0,W 3,,Home
2021,Chicago Bulls,4,"Mon, Oct 25, 2021",7:30p,@,Toronto Raptors,W,111,108,4,0,W 4,,Away
2021,Chicago Bulls,5,"Thu, Oct 28, 2021",8:00p,,New York Knicks,L,103,104,4,1,L 1,,Home
2021,Chicago Bulls,6,"Sat, Oct 30, 2021",8:00p,,Utah Jazz,W,107,99,5,1,W 1,,Home
2021,Chicago Bulls,7,"Mon, Nov 1, 2021",7:30p,@,Boston Celtics,W,128,114,6,1,W 2,,Away
2021,Chicago Bulls,8,"Wed, Nov 3, 2021",7:00p,@,Philadelphia 76ers,L,98,103,6,2,L 1,,Away
2021,Chicago Bulls,9,"Sat, Nov 6, 2021",8:00p,,Philadelphia 76ers,L,105,114,6,3,L 2,,Home
2021,Chicago Bulls,10,"Mon, Nov 8, 2021",8:00p,,Brooklyn Nets,W,118,95,7,3,W 1,,Home
2021,Chicago Bulls,11,"Wed, Nov 10, 2021",8:00p,,Dallas Mavericks,W,117,107,8,3,W 2,,Home
2021,Chicago Bulls,12,"Fri, Nov 12, 2021",10:00p,@,Golden State Warriors,L,93,119,8,4,L 1,,Away
2021,Chicago Bulls,13,"Sun, Nov 14, 2021",9:30p,@,Los Angeles Clippers,W,100,90,9,4,W 1,,Away
2021,Chicago Bulls,14,"Mon, Nov 15, 2021",10:30p,@,Los Angeles Lakers,W,121,103,10,4,W 2,,Away
2021,Chicago Bulls,15,"Wed, Nov 17, 2021",10:00p,@,Portland Trail Blazers,L,107,112,10,5,L 1,,Away
2021,Chicago Bulls,16,"Fri, Nov 19, 2021",9:00p,@,Denver Nuggets,W,114,108,11,5,W 1,,Away
2021,Chicago Bulls,17,"Sun, Nov 21, 2021",8:00p,,New York Knicks,W,109,103,12,5,W 2,,Home
2021,Chicago Bulls,18,"Mon, Nov 22, 2021",8:00p,,Indiana Pacers,L,77,109,12,6,L 1,,Home
2021,Chicago Bulls,19,"Wed, Nov 24, 2021",8:00p,@,Houston Rockets,L,113,118,12,7,L 2,,Away
2021,Chicago Bulls,20,"Fri, Nov 26, 2021",7:00p,@,Orlando Magic,W,123,88,13,7,W 1,,Away
2021,Chicago Bulls,21,"Sat, Nov 27, 2021",8:00p,,Miami Heat,L,104,107,13,8,L 1,,Home
2021,Chicago Bulls,22,"Mon, Nov 29, 2021",8:00p,,Charlotte Hornets,W,133,119,14,8,W 1,,Home
2021,Chicago Bulls,23,"Thu, Dec 2, 2021",7:30p,@,New York Knicks,W,119,115,15,8,W 2,,Away
2021,Chicago Bulls,24,"Sat, Dec 4, 2021",8:00p,@,Brooklyn Nets,W,111,107,16,8,W 3,,Away
2021,Chicago Bulls,25,"Mon, Dec 6, 2021",8:00p,,Denver Nuggets,W,109,97,17,8,W 4,,Home
2021,Chicago Bulls,26,"Wed, Dec 8, 2021",7:00p,@,Cleveland Cavaliers,L,92,115,17,9,L 1,,Away
2021,Chicago Bulls,27,"Sat, Dec 11, 2021",8:00p,@,Miami Heat,L,92,118,17,10,L 2,,Away
2021,Chicago Bulls,28,"Sun, Dec 19, 2021",8:00p,,Los Angeles Lakers,W,115,110,18,10,W 1,,Home
2021,Chicago Bulls,29,"Mon, Dec 20, 2021",8:00p,,Houston Rockets,W,133,118,19,10,W 2,,Home
2021,Chicago Bulls,30,"Sun, Dec 26, 2021",8:00p,,Indiana Pacers,W,113,105,20,10,W 3,,Home
2021,Chicago Bulls,31,"Mon, Dec 27, 2021",7:30p,@,Atlanta Hawks,W,130,118,21,10,W 4,,Away
2021,Chicago Bulls,32,"Wed, Dec 29, 2021",8:00p,,Atlanta Hawks,W,131,117,22,10,W 5,,Home
2021,Chicago Bulls,33,"Fri, Dec 31, 2021",3:00p,@,Indiana Pacers,W,108,106,23,10,W 6,,Away
2021,Chicago Bulls,34,"Sat, Jan 1, 2022",7:00p,@,Washington Wizards,W,120,119,24,10,W 7,,Away
2021,Chicago Bulls,35,"Mon, Jan 3, 2022",8:00p,,Orlando Magic,W,102,98,25,10,W 8,,Home
2021,Chicago Bulls,36,"Fri, Jan 7, 2022",8:00p,,Washington Wizards,W,130,122,26,10,W 9,,Home
2021,Chicago Bulls,37,"Sun, Jan 9, 2022",7:30p,@,Dallas Mavericks,L,99,113,26,11,L 1,,Away
2021,Chicago Bulls,38,"Tue, Jan 11, 2022",8:00p,,Detroit Pistons,W,133,87,27,11,W 1,,Home
2021,Chicago Bulls,39,"Wed, Jan 12, 2022",10:00p,,Brooklyn Nets,L,112,138,27,12,L 1,,Home
2021,Chicago Bulls,40,"Fri, Jan 14, 2022",7:30p,,Golden State Warriors,L,96,138,27,13,L 2,,Home
2021,Chicago Bulls,41,"Sat, Jan 15, 2022",8:30p,@,Boston Celtics,L,112,114,27,14,L 3,,Away
2021,Chicago Bulls,42,"Mon, Jan 17, 2022",3:30p,@,Memphis Grizzlies,L,106,119,27,15,L 4,,Away
2021,Chicago Bulls,43,"Wed, Jan 19, 2022",8:00p,,Cleveland Cavaliers,W,117,104,28,15,W 1,,Home
2021,Chicago Bulls,44,"Fri, Jan 21, 2022",8:00p,@,Milwaukee Bucks,L,90,94,28,16,L 1,,Away
2021,Chicago Bulls,45,"Sun, Jan 23, 2022",6:00p,@,Orlando Magic,L,95,114,28,17,L 2,,Away
2021,Chicago Bulls,46,"Mon, Jan 24, 2022",8:00p,@,Oklahoma City Thunder,W,111,110,29,17,W 1,,Away
2021,Chicago Bulls,47,"Wed, Jan 26, 2022",8:00p,,Toronto Raptors,W,111,105,30,17,W 2,,Home
2021,Chicago Bulls,48,"Fri, Jan 28, 2022",8:30p,@,San Antonio Spurs,L,122,131,30,18,L 1,,Away
2021,Chicago Bulls,49,"Sun, Jan 30, 2022",3:30p,,Portland Trail Blazers,W,130,116,31,18,W 1,,Home
2021,Chicago Bulls,50,"Tue, Feb 1, 2022",8:00p,,Orlando Magic,W,126,115,32,18,W 2,,Home
2021,Chicago Bulls,51,"Thu, Feb 3, 2022",7:30p,@,Toronto Raptors,L,120,127,32,19,L 1,,Away
2021,Chicago Bulls,52,"Fri, Feb 4, 2022",7:00p,@,Indiana Pacers,W,122,115,33,19,W 1,,Away
2021,Chicago Bulls,53,"Sun, Feb 6, 2022",3:30p,,Philadelphia 76ers,L,108,119,33,20,L 1,,Home
2021,Chicago Bulls,54,"Mon, Feb 7, 2022",8:00p,,Phoenix Suns,L,124,127,33,21,L 2,,Home
2021,Chicago Bulls,55,"Wed, Feb 9, 2022",7:30p,@,Charlotte Hornets,W,121,109,34,21,W 1,,Away
2021,Chicago Bulls,56,"Fri, Feb 11, 2022",8:00p,,Minnesota Timberwolves,W,134,122,35,21,W 2,,Home
2021,Chicago Bulls,57,"Sat, Feb 12, 2022",8:00p,,Oklahoma City Thunder,W,106,101,36,21,W 3,,Home
2021,Chicago Bulls,58,"Mon, Feb 14, 2022",8:00p,,San Antonio Spurs,W,120,109,37,21,W 4,,Home
2021,Chicago Bulls,59,"Wed, Feb 16, 2022",8:00p,,Sacramento Kings,W,125,118,38,21,W 5,,Home
2021,Chicago Bulls,60,"Thu, Feb 24, 2022",8:00p,,Atlanta Hawks,W,112,108,39,21,W 6,,Home
2021,Chicago Bulls,61,"Sat, Feb 26, 2022",8:00p,,Memphis Grizzlies,L,110,116,39,22,L 1,,Home
2021,Chicago Bulls,62,"Mon, Feb 28, 2022",7:30p,@,Miami Heat,L,99,112,39,23,L 2,,Away
2021,Chicago Bulls,63,"Thu, Mar 3, 2022",7:00p,@,Atlanta Hawks,L,124,130,39,24,L 3,,Away
2021,Chicago Bulls,64,"Fri, Mar 4, 2022",7:30p,,Milwaukee Bucks,L,112,118,39,25,L 4,,Home
2021,Chicago Bulls,65,"Mon, Mar 7, 2022",7:00p,@,Philadelphia 76ers,L,106,121,39,26,L 5,,Away
2021,Chicago Bulls,66,"Wed, Mar 9, 2022",7:00p,@,Detroit Pistons,W,114,108,40,26,W 1,,Away
2021,Chicago Bulls,67,"Sat, Mar 12, 2022",8:00p,,Cleveland Cavaliers,W,101,91,41,26,W 2,,Home
2021,Chicago Bulls,68,"Mon, Mar 14, 2022",10:00p,@,Sacramento Kings,L,103,112,41,27,L 1,,Away
2021,Chicago Bulls,69,"Wed, Mar 16, 2022",9:00p,@,Utah Jazz,L,110,125,41,28,L 2,,Away
2021,Chicago Bulls,70,"Fri, Mar 18, 2022",10:00p,@,Phoenix Suns,L,102,129,41,29,L 3,,Away
2021,Chicago Bulls,71,"Mon, Mar 21, 2022",8:00p,,Toronto Raptors,W,113,99,42,29,W 1,,Home
2021,Chicago Bulls,72,"Tue, Mar 22, 2022",8:00p,@,Milwaukee Bucks,L,98,126,42,30,L 1,,Away
2021,Chicago Bulls,73,"Thu, Mar 24, 2022",8:00p,@,New Orleans Pelicans,L,109,126,42,31,L 2,,Away
2021,Chicago Bulls,74,"Sat, Mar 26, 2022",8:00p,@,Cleveland Cavaliers,W,98,94,43,31,W 1,,Away
2021,Chicago Bulls,75,"Mon, Mar 28, 2022",7:30p,@,New York Knicks,L,104,109,43,32,L 1,,Away
2021,Chicago Bulls,76,"Tue, Mar 29, 2022",7:00p,@,Washington Wizards,W,107,94,44,32,W 1,,Away
2021,Chicago Bulls,77,"Thu, Mar 31, 2022",8:00p,,Los Angeles Clippers,W,135,130,45,32,W 2,,Home
2021,Chicago Bulls,78,"Sat, Apr 2, 2022",8:00p,,Miami Heat,L,109,127,45,33,L 1,,Home
2021,Chicago Bulls,79,"Tue, Apr 5, 2022",8:00p,,Milwaukee Bucks,L,106,127,45,34,L 2,,Home
2021,Chicago Bulls,80,"Wed, Apr 6, 2022",8:00p,,Boston Celtics,L,94,117,45,35,L 3,,Home
2021,Chicago Bulls,81,"Fri, Apr 8, 2022",8:00p,,Charlotte Hornets,L,117,133,45,36,L 4,,Home
2021,Chicago Bulls,82,"Sun, Apr 10, 2022",8:30p,@,Minnesota Timberwolves,W,124,120,46,36,W 1,,Away
2020,Chicago Bulls,1,"Wed, Dec 23, 2020",8:00p,,Atlanta Hawks,L,104,124,0,1,L 1,,Home
2020,Chicago Bulls,2,"Sat, Dec 26, 2020",8:00p,,Indiana Pacers,L,106,125,0,2,L 2,,Home
2020,Chicago Bulls,3,"Sun, Dec 27, 2020",8:00p,,Golden State Warriors,L,128,129,0,3,L 3,,Home
2020,Chicago Bulls,4,"Tue, Dec 29, 2020",7:00p,@,Washington Wizards,W,115,107,1,3,W 1,,Away
2020,Chicago Bulls,5,"Thu, Dec 31, 2020",5:00p,@,Washington Wizards,W,133,130,2,3,W 2,,Away
2020,Chicago Bulls,6,"Fri, Jan 1, 2021",8:00p,@,Milwaukee Bucks,L,96,126,2,4,L 1,,Away
2020,Chicago Bulls,7,"Sun, Jan 3, 2021",8:00p,,Dallas Mavericks,W,118,108,3,4,W 1,,Home
2020,Chicago Bulls,8,"Tue, Jan 5, 2021",10:30p,@,Portland Trail Blazers,W,111,108,4,4,W 2,,Away
2020,Chicago Bulls,9,"Wed, Jan 6, 2021",10:00p,@,Sacramento Kings,L,124,128,4,5,L 1,,Away
2020,Chicago Bulls,10,"Fri, Jan 8, 2021",10:00p,@,Los Angeles Lakers,L,115,117,4,6,L 2,,Away
2020,Chicago Bulls,11,"Sun, Jan 10, 2021",4:00p,@,Los Angeles Clippers,L,127,130,4,7,L 3,,Away
2020,Chicago Bulls,12,"Fri, Jan 15, 2021",8:00p,@,Oklahoma City Thunder,L,125,127,4,8,L 4,,Away
2020,Chicago Bulls,13,"Sun, Jan 17, 2021",3:00p,@,Dallas Mavericks,W,117,101,5,8,W 1,,Away
2020,Chicago Bulls,14,"Mon, Jan 18, 2021",8:00p,,Houston Rockets,W,125,120,6,8,W 2,,Home
2020,Chicago Bulls,15,"Fri, Jan 22, 2021",7:00p,@,Charlotte Hornets,W,123,110,7,8,W 3,,Away
2020,Chicago Bulls,16,"Sat, Jan 23, 2021",9:00p,,Los Angeles Lakers,L,90,101,7,9,L 1,,Home
2020,Chicago Bulls,17,"Mon, Jan 25, 2021",9:00p,,Boston Celtics,L,103,119,7,10,L 2,,Home
2020,Chicago Bulls,18,"Sat, Jan 30, 2021",8:00p,,Portland Trail Blazers,L,122,123,7,11,L 3,,Home
2020,Chicago Bulls,19,"Mon, Feb 1, 2021",8:00p,,New York Knicks,W,110,102,8,11,W 1,,Home
2020,Chicago Bulls,20,"Wed, Feb 3, 2021",8:00p,,New York Knicks,L,103,107,8,12,L 1,,Home
2020,Chicago Bulls,21,"Fri, Feb 5, 2021",7:00p,@,Orlando Magic,L,119,123,8,13,L 2,,Away
2020,Chicago Bulls,22,"Sat, Feb 6, 2021",7:00p,@,Orlando Magic,W,118,92,9,13,W 1,,Away
2020,Chicago Bulls,23,"Mon, Feb 8, 2021",8:00p,,Washington Wizards,L,101,105,9,14,L 1,,Home
2020,Chicago Bulls,24,"Wed, Feb 10, 2021",9:00p,,New Orleans Pelicans,W,129,116,10,14,W 1,,Home
2020,Chicago Bulls,25,"Fri, Feb 12, 2021",8:00p,,Los Angeles Clippers,L,106,125,10,15,L 1,,Home
2020,Chicago Bulls,26,"Mon, Feb 15, 2021",7:00p,@,Indiana Pacers,W,120,112,11,15,W 1,,Away
2020,Chicago Bulls,27,"Wed, Feb 17, 2021",8:00p,,Detroit Pistons,W,105,102,12,15,W 2,,Home
2020,Chicago Bulls,28,"Fri, Feb 19, 2021",7:30p,@,Philadelphia 76ers,L,105,112,12,16,L 1,,Away
2020,Chicago Bulls,29,"Sat, Feb 20, 2021",9:00p,,Sacramento Kings,W,122,114,13,16,W 1,,Home
2020,Chicago Bulls,30,"Mon, Feb 22, 2021",8:00p,@,Houston Rockets,W,120,100,14,16,W 2,,Away
2020,Chicago Bulls,31,"Wed, Feb 24, 2021",8:00p,,Minnesota Timberwolves,W,133,126,15,16,W 3,,Home
2020,Chicago Bulls,32,"Fri, Feb 26, 2021",8:00p,,Phoenix Suns,L,97,106,15,17,L 1,,Home
2020,Chicago Bulls,33,"Mon, Mar 1, 2021",8:00p,,Denver Nuggets,L,112,118,15,18,L 2,,Home
2020,Chicago Bulls,34,"Wed, Mar 3, 2021",8:00p,@,New Orleans Pelicans,W,128,124,16,18,W 1,,Away
2020,Chicago Bulls,35,"Thu, Mar 11, 2021",8:00p,,Philadelphia 76ers,L,105,127,16,19,L 1,,Home
2020,Chicago Bulls,36,"Fri, Mar 12, 2021",9:00p,,Miami Heat,L,90,101,16,20,L 2,,Home
2020,Chicago Bulls,37,"Sun, Mar 14, 2021",9:00p,,Toronto Raptors,W,118,95,17,20,W 1,,Home
2020,Chicago Bulls,38,"Tue, Mar 16, 2021",8:00p,,Oklahoma City Thunder,W,123,102,18,20,W 2,,Home
2020,Chicago Bulls,39,"Wed, Mar 17, 2021",8:00p,,San Antonio Spurs,L,99,106,18,21,L 1,,Home
2020,Chicago Bulls,40,"Fri, Mar 19, 2021",9:00p,@,Denver Nuggets,L,127,131,18,22,L 2,,Away
2020,Chicago Bulls,41,"Sun, Mar 21, 2021",7:00p,@,Detroit Pistons,W,100,86,19,22,W 1,,Away
2020,Chicago Bulls,42,"Mon, Mar 22, 2021",9:00p,,Utah Jazz,L,95,120,19,23,L 1,,Home
2020,Chicago Bulls,43,"Wed, Mar 24, 2021",8:00p,,Cleveland Cavaliers,L,94,103,19,24,L 2,,Home
2020,Chicago Bulls,44,"Sat, Mar 27, 2021",8:30p,@,San Antonio Spurs,L,104,120,19,25,L 3,,Away
2020,Chicago Bulls,45,"Mon, Mar 29, 2021",10:00p,@,Golden State Warriors,L,102,116,19,26,L 4,,Away
2020,Chicago Bulls,46,"Wed, Mar 31, 2021",10:00p,@,Phoenix Suns,L,116,121,19,27,L 5,,Away
2020,Chicago Bulls,47,"Fri, Apr 2, 2021",9:00p,@,Utah Jazz,L,106,113,19,28,L 6,,Away
2020,Chicago Bulls,48,"Sun, Apr 4, 2021",2:00p,,Brooklyn Nets,W,115,107,20,28,W 1,,Home
2020,Chicago Bulls,49,"Tue, Apr 6, 2021",7:00p,@,Indiana Pacers,W,113,97,21,28,W 2,,Away
2020,Chicago Bulls,50,"Thu, Apr 8, 2021",7:30p,@,Toronto Raptors,W,122,113,22,28,W 3,,Away
2020,Chicago Bulls,51,"Fri, Apr 9, 2021",8:00p,@,Atlanta Hawks,L,108,120,22,29,L 1,,Away
2020,Chicago Bulls,52,"Sun, Apr 11, 2021",8:00p,@,Minnesota Timberwolves,L,117,121,22,30,L 2,,Away
2020,Chicago Bulls,53,"Mon, Apr 12, 2021",9:00p,@,Memphis Grizzlies,L,90,101,22,31,L 3,,Away
2020,Chicago Bulls,54,"Wed, Apr 14, 2021",8:00p,,Orlando Magic,L,106,115,22,32,L 4,,Home
2020,Chicago Bulls,55,"Fri, Apr 16, 2021",8:00p,,Memphis Grizzlies,L,115,126,22,33,L 5,,Home
2020,Chicago Bulls,56,"Sat, Apr 17, 2021",8:00p,,Cleveland Cavaliers,W,106,96,23,33,W 1,,Home
2020,Chicago Bulls,57,"Mon, Apr 19, 2021",7:30p,@,Boston Celtics,W,102,96,24,33,W 2,,Away
2020,Chicago Bulls,58,"Wed, Apr 21, 2021",7:00p,@,Cleveland Cavaliers,L,105,121,24,34,L 1,,Away
2020,Chicago Bulls,59,"Thu, Apr 22, 2021",9:00p,,Charlotte Hornets,W,108,91,25,34,W 1,,Home
2020,Chicago Bulls,60,"Sat, Apr 24, 2021",8:00p,@,Miami Heat,L,101,106,25,35,L 1,,Away
2020,Chicago Bulls,61,"Mon, Apr 26, 2021",8:00p,@,Miami Heat,W,110,102,26,35,W 1,,Away
2020,Chicago Bulls,62,"Wed, Apr 28, 2021",7:30p,@,New York Knicks,L,94,113,26,36,L 1,,Away
2020,Chicago Bulls,63,"Fri, Apr 30, 2021",9:00p,,Milwaukee Bucks,L,98,108,26,37,L 2,,Home
2020,Chicago Bulls,64,"Sat, May 1, 2021",8:00p,@,Atlanta Hawks,L,97,108,26,38,L 3,,Away
2020,Chicago Bulls,65,"Mon, May 3, 2021",9:00p,,Philadelphia 76ers,L,94,106,26,39,L 4,,Home
2020,Chicago Bulls,66,"Thu, May 6, 2021",7:00p,@,Charlotte Hornets,W,120,99,27,39,W 1,,Away
2020,Chicago Bulls,67,"Fri, May 7, 2021",7:30p,,Boston Celtics,W,121,99,28,39,W 2,,Home
2020,Chicago Bulls,68,"Sun, May 9, 2021",8:00p,@,Detroit Pistons,W,108,96,29,39,W 3,,Away
2020,Chicago Bulls,69,"Tue, May 11, 2021",8:00p,,Brooklyn Nets,L,107,115,29,40,L 1,,Home
2020,Chicago Bulls,70,"Thu, May 13, 2021",8:00p,,Toronto Raptors,W,114,102,30,40,W 1,,Home
2020,Chicago Bulls,71,"Sat, May 15, 2021",1:00p,@,Brooklyn Nets,L,91,105,30,41,L 1,,Away
2020,Chicago Bulls,72,"Sun, May 16, 2021",9:00p,,Milwaukee Bucks,W,118,112,31,41,W 1,,Home
2022,Los Angeles Lakers,1,"Tue, Oct 18, 2022",10:00p,@,Golden State Warriors,L,109,123,0,1,L 1,,Away
2022,Los Angeles Lakers,2,"Thu, Oct 20, 2022",10:00p,,Los Angeles Clippers,L,97,103,0,2,L 2,,Home
2022,Los Angeles Lakers,3,"Sun, Oct 23, 2022",3:30p,,Portland Trail Blazers,L,104,106,0,3,L 3,,Home
2022,Los Angeles Lakers,4,"Wed, Oct 26, 2022",10:00p,@,Denver Nuggets,L,99,110,0,4,L 4,,Away
2022,Los Angeles Lakers,5,"Fri, Oct 28, 2022",8:00p,@,Minnesota Timberwolves,L,102,111,0,5,L 5,,Away
2022,Los Angeles Lakers,6,"Sun, Oct 30, 2022",9:30p,,Denver Nuggets,W,121,110,1,5,W 1,,Home
2022,Los Angeles Lakers,7,"Wed, Nov 2, 2022",10:30p,,New Orleans Pelicans,W,120,117,2,5,W 2,,Home
2022,Los Angeles Lakers,8,"Fri, Nov 4, 2022",10:30p,,Utah Jazz,L,116,130,2,6,L 1,,Home
2022,Los Angeles Lakers,9,"Sun, Nov 6, 2022",3:30p,,Cleveland Cavaliers,L,100,114,2,7,L 2,,Home
2022,Los Angeles Lakers,10,"Mon, Nov 7, 2022",10:15p,@,Utah Jazz,L,116,139,2,8,L 3,,Away
2022,Los Angeles Lakers,11,"Wed, Nov 9, 2022",10:00p,@,Los Angeles Clippers,L,101,114,2,9,L 4,,Away
2022,Los Angeles Lakers,12,"Fri, Nov 11, 2022",10:30p,,Sacramento Kings,L,114,120,2,10,L 5,,Home
2022,Los Angeles Lakers,13,"Sun, Nov 13, 2022",9:30p,,Brooklyn Nets,W,116,103,3,10,W 1,,Home
2022,Los Angeles Lakers,14,"Fri, Nov 18, 2022",10:30p,,Detroit Pistons,W,128,121,4,10,W 2,,Home
2022,Los Angeles Lakers,15,"Sun, Nov 20, 2022",9:30p,,San Antonio Spurs,W,123,92,5,10,W 3,,Home
2022,Los Angeles Lakers,16,"Tue, Nov 22, 2022",10:00p,@,Phoenix Suns,L,105,115,5,11,L 1,,Away
2022,Los Angeles Lakers,17,"Fri, Nov 25, 2022",8:00p,@,San Antonio Spurs,W,105,94,6,11,W 1,,Away
2022,Los Angeles Lakers,18,"Sat, Nov 26, 2022",8:00p,@,San Antonio Spurs,W,143,138,7,11,W 2,,Away
2022,Los Angeles Lakers,19,"Mon, Nov 28, 2022",10:30p,,Indiana Pacers,L,115,116,7,12,L 1,,Home
2022,Los Angeles Lakers,20,"Wed, Nov 30, 2022",10:30p,,Portland Trail Blazers,W,128,109,8,12,W 1,,Home
2022,Los Angeles Lakers,21,"Fri, Dec 2, 2022",7:30p,@,Milwaukee Bucks,W,133,129,9,12,W 2,,Away
2022,Los Angeles Lakers,22,"Sun, Dec 4, 2022",6:00p,@,Washington Wizards,W,130,119,10,12,W 3,,Away
2022,Los Angeles Lakers,23,"Tue, Dec 6, 2022",7:30p,@,Cleveland Cavaliers,L,102,116,10,13,L 1,,Away
2022,Los Angeles Lakers,24,"Wed, Dec 7, 2022",7:30p,@,Toronto Raptors,L,113,126,10,14,L 2,,Away
2022,Los Angeles Lakers,25,"Fri, Dec 9, 2022",7:30p,@,Philadelphia 76ers,L,122,133,10,15,L 3,,Away
2022,Los Angeles Lakers,26,"Sun, Dec 11, 2022",6:00p,@,Detroit Pistons,W,124,117,11,15,W 1,,Away
2022,Los Angeles Lakers,27,"Tue, Dec 13, 2022",10:00p,,Boston Celtics,L,118,122,11,16,L 1,,Home
2022,Los Angeles Lakers,28,"Fri, Dec 16, 2022",10:00p,,Denver Nuggets,W,126,108,12,16,W 1,,Home
2022,Los Angeles Lakers,29,"Sun, Dec 18, 2022",9:30p,,Washington Wizards,W,119,117,13,16,W 2,,Home
2022,Los Angeles Lakers,30,"Mon, Dec 19, 2022",9:00p,@,Phoenix Suns,L,104,130,13,17,L 1,,Away
2022,Los Angeles Lakers,31,"Wed, Dec 21, 2022",10:00p,@,Sacramento Kings,L,120,134,13,18,L 2,,Away
2022,Los Angeles Lakers,32,"Fri, Dec 23, 2022",10:30p,,Charlotte Hornets,L,130,134,13,19,L 3,,Home
2022,Los Angeles Lakers,33,"Sun, Dec 25, 2022",2:30p,@,Dallas Mavericks,L,115,124,13,20,L 4,,Away
2022,Los Angeles Lakers,34,"Tue, Dec 27, 2022",7:00p,@,Orlando Magic,W,129,110,14,20,W 1,,Away
2022,Los Angeles Lakers,35,"Wed, Dec 28, 2022",7:30p,@,Miami Heat,L,98,112,14,21,L 1,,Away
2022,Los Angeles Lakers,36,"Fri, Dec 30, 2022",7:30p,@,Atlanta Hawks,W,130,121,15,21,W 1,,Away
2022,Los Angeles Lakers,37,"Mon, Jan 2, 2023",7:00p,@,Charlotte Hornets,W,121,115,16,21,W 2,,Away
2022,Los Angeles Lakers,38,"Wed, Jan 4, 2023",10:00p,,Miami Heat,W,112,109,17,21,W 3,,Home
2022,Los Angeles Lakers,39,"Fri, Jan 6, 2023",10:30p,,Atlanta Hawks,W,130,114,18,21,W 4,,Home
2022,Los Angeles Lakers,40,"Sat, Jan 7, 2023",10:00p,@,Sacramento Kings,W,136,134,19,21,W 5,,Away
2022,Los Angeles Lakers,41,"Mon, Jan 9, 2023",9:00p,@,Denver Nuggets,L,109,122,19,22,L 1,,Away
2022,Los Angeles Lakers,42,"Thu, Jan 12, 2023",10:00p,,Dallas Mavericks,L,115,119,19,23,L 2,,Home
2022,Los Angeles Lakers,43,"Sun, Jan 15, 2023",9:30p,,Philadelphia 76ers,L,112,113,19,24,L 3,,Home
2022,Los Angeles Lakers,44,"Mon, Jan 16, 2023",10:30p,,Houston Rockets,W,140,132,20,24,W 1,,Home
2022,Los Angeles Lakers,45,"Wed, Jan 18, 2023",10:30p,,Sacramento Kings,L,111,116,20,25,L 1,,Home
2022,Los Angeles Lakers,46,"Fri, Jan 20, 2023",10:00p,,Memphis Grizzlies,W,122,121,21,25,W 1,,Home
2022,Los Angeles Lakers,47,"Sun, Jan 22, 2023",9:00p,@,Portland Trail Blazers,W,121,112,22,25,W 2,,Away
2022,Los Angeles Lakers,48,"Tue, Jan 24, 2023",10:00p,,Los Angeles Clippers,L,115,133,22,26,L 1,,Home
2022,Los Angeles Lakers,49,"Wed, Jan 25, 2023",10:30p,,San Antonio Spurs,W,113,104,23,26,W 1,,Home
2022,Los Angeles Lakers,50,"Sat, Jan 28, 2023",8:30p,@,Boston Celtics,L,121,125,23,27,L 1,,Away
2022,Los Angeles Lakers,51,"Mon, Jan 30, 2023",7:30p,@,Brooklyn Nets,L,104,121,23,28,L 2,,Away
2022,Los Angeles Lakers,52,"Tue, Jan 31, 2023",7:30p,@,New York Knicks,W,129,123,24,28,W 1,,Away
2022,Los Angeles Lakers,53,"Thu, Feb 2, 2023",7:00p,@,Indiana Pacers,W,112,111,25,28,W 2,,Away
2022,Los Angeles Lakers,54,"Sat, Feb 4, 2023",6:00p,@,New Orleans Pelicans,L,126,131,25,29,L 1,,Away
2022,Los Angeles Lakers,55,"Tue, Feb 7, 2023",10:00p,,Oklahoma City Thunder,L,130,133,25,30,L 2,,Home
2022,Los Angeles Lakers,56,"Thu, Feb 9, 2023",10:00p,,Milwaukee Bucks,L,106,115,25,31,L 3,,Home
2022,Los Angeles Lakers,57,"Sat, Feb 11, 2023",8:30p,@,Golden State Warriors,W,109,103,26,31,W 1,,Away
2022,Los Angeles Lakers,58,"Mon, Feb 13, 2023",10:00p,@,Portland Trail Blazers,L,115,127,26,32,L 1,,Away
2022,Los Angeles Lakers,59,"Wed, Feb 15, 2023",10:00p,,New Orleans Pelicans,W,120,102,27,32,W 1,,Home
2022,Los Angeles Lakers,60,"Thu, Feb 23, 2023",10:00p,,Golden State Warriors,W,124,111,28,32,W 2,,Home
2022,Los Angeles Lakers,61,"Sun, Feb 26, 2023",3:30p,@,Dallas Mavericks,W,111,108,29,32,W 3,,Away
2022,Los Angeles Lakers,62,"Tue, Feb 28, 2023",7:30p,@,Memphis Grizzlies,L,109,121,29,33,L 1,,Away
2022,Los Angeles Lakers,63,"Wed, Mar 1, 2023",8:00p,@,Oklahoma City Thunder,W,123,117,30,33,W 1,,Away
2022,Los Angeles Lakers,64,"Fri, Mar 3, 2023",10:30p,,Minnesota Timberwolves,L,102,110,30,34,L 1,,Home
2022,Los Angeles Lakers,65,"Sun, Mar 5, 2023",3:30p,,Golden State Warriors,W,113,105,31,34,W 1,,Home
2022,Los Angeles Lakers,66,"Tue, Mar 7, 2023",10:00p,,Memphis Grizzlies,W,112,103,32,34,W 2,,Home
2022,Los Angeles Lakers,67,"Fri, Mar 10, 2023",10:30p,,Toronto Raptors,W,122,112,33,34,W 3,,Home
2022,Los Angeles Lakers,68,"Sun, Mar 12, 2023",9:00p,,New York Knicks,L,108,112,33,35,L 1,,Home
2022,Los Angeles Lakers,69,"Tue, Mar 14, 2023",8:00p,@,New Orleans Pelicans,W,123,108,34,35,W 1,,Away
2022,Los Angeles Lakers,70,"Wed, Mar 15, 2023",8:00p,@,Houston Rockets,L,110,114,34,36,L 1,,Away
2022,Los Angeles Lakers,71,"Fri, Mar 17, 2023",10:30p,,Dallas Mavericks,L,110,111,34,37,L 2,,Home
2022,Los Angeles Lakers,72,"Sun, Mar 19, 2023",9:30p,,Orlando Magic,W,111,105,35,37,W 1,,Home
2022,Los Angeles Lakers,73,"Wed, Mar 22, 2023",10:00p,,Phoenix Suns,W,122,111,36,37,W 2,,Home
2022,Los Angeles Lakers,74,"Fri, Mar 24, 2023",10:30p,,Oklahoma City Thunder,W,116,111,37,37,W 3,,Home
2022,Los Angeles Lakers,75,"Sun, Mar 26, 2023",3:30p,,Chicago Bulls,L,108,118,37,38,L 1,,Home
2022,Los Angeles Lakers,76,"Wed, Mar 29, 2023",8:00p,@,Chicago Bulls,W,121,110,38,38,W 1,,Away
2022,Los Angeles Lakers,77,"Fri, Mar 31, 2023",8:00p,@,Minnesota Timberwolves,W,123,111,39,38,W 2,,Away
2022,Los Angeles Lakers,78,"Sun, Apr 2, 2023",7:00p,@,Houston Rockets,W,134,109,40,38,W 3,,Away
2022,Los Angeles Lakers,79,"Tue, Apr 4, 2023",9:00p,@,Utah Jazz,W,135,133,41,38,W 4,,Away
2022,Los Angeles Lakers,80,"Wed, Apr 5, 2023",10:00p,@,Los Angeles Clippers,L,118,125,41,39,L 1,,Away
2022,Los Angeles Lakers,81,"Fri, Apr 7, 2023",10:30p,,Phoenix Suns,W,121,107,42,39,W 1,,Home
2022,Los Angeles Lakers,82,"Sun, Apr 9, 2023",3:30p,,Utah Jazz,W,128,117,43,39,W 2,,Home
2022,Los Angeles Lakers,83,"Tue, Apr 11, 2023",10:00p,,Minnesota Timberwolves,W,108,102,44,39,W 3,Play-In Game,Home
2021,Los Angeles Lakers,1,"Tue, Oct 19, 2021",10:00p,,Golden State Warriors,L,114,121,0,1,L 1,,Home
2021,Los Angeles Lakers,2,"Fri, Oct 22, 2021",10:00p,,Phoenix Suns,L,105,115,0,2,L 2,,Home
2021,Los Angeles Lakers,3,"Sun, Oct 24, 2021",9:30p,,Memphis Grizzlies,W,121,118,1,2,W 1,,Home
2021,Los Angeles Lakers,4,"Tue, Oct 26, 2021",8:30p,@,San Antonio Spurs,W,125,121,2,2,W 2,,Away
2021,Los Angeles Lakers,5,"Wed, Oct 27, 2021",8:00p,@,Oklahoma City Thunder,L,115,123,2,3,L 1,,Away
2021,Los Angeles Lakers,6,"Fri, Oct 29, 2021",10:30p,,Cleveland Cavaliers,W,113,101,3,3,W 1,,Home
2021,Los Angeles Lakers,7,"Sun, Oct 31, 2021",10:30p,,Houston Rockets,W,95,85,4,3,W 2,,Home
2021,Los Angeles Lakers,8,"Tue, Nov 2, 2021",10:30p,,Houston Rockets,W,119,117,5,3,W 3,,Home
2021,Los Angeles Lakers,9,"Thu, Nov 4, 2021",10:30p,,Oklahoma City Thunder,L,104,107,5,4,L 1,,Home
2021,Los Angeles Lakers,10,"Sat, Nov 6, 2021",10:30p,@,Portland Trail Blazers,L,90,105,5,5,L 2,,Away
2021,Los Angeles Lakers,11,"Mon, Nov 8, 2021",10:30p,,Charlotte Hornets,W,126,123,6,5,W 1,,Home
2021,Los Angeles Lakers,12,"Wed, Nov 10, 2021",10:00p,,Miami Heat,W,120,117,7,5,W 2,,Home
2021,Los Angeles Lakers,13,"Fri, Nov 12, 2021",10:30p,,Minnesota Timberwolves,L,83,107,7,6,L 1,,Home
2021,Los Angeles Lakers,14,"Sun, Nov 14, 2021",3:30p,,San Antonio Spurs,W,114,106,8,6,W 1,,Home
2021,Los Angeles Lakers,15,"Mon, Nov 15, 2021",10:30p,,Chicago Bulls,L,103,121,8,7,L 1,,Home
2021,Los Angeles Lakers,16,"Wed, Nov 17, 2021",7:30p,@,Milwaukee Bucks,L,102,109,8,8,L 2,,Away
2021,Los Angeles Lakers,17,"Fri, Nov 19, 2021",7:30p,@,Boston Celtics,L,108,130,8,9,L 3,,Away
2021,Los Angeles Lakers,18,"Sun, Nov 21, 2021",6:00p,@,Detroit Pistons,W,121,116,9,9,W 1,,Away
2021,Los Angeles Lakers,19,"Tue, Nov 23, 2021",7:30p,@,New York Knicks,L,100,106,9,10,L 1,,Away
2021,Los Angeles Lakers,20,"Wed, Nov 24, 2021",7:00p,@,Indiana Pacers,W,124,116,10,10,W 1,,Away
2021,Los Angeles Lakers,21,"Fri, Nov 26, 2021",10:30p,,Sacramento Kings,L,137,141,10,11,L 1,,Home
2021,Los Angeles Lakers,22,"Sun, Nov 28, 2021",9:30p,,Detroit Pistons,W,110,106,11,11,W 1,,Home
2021,Los Angeles Lakers,23,"Tue, Nov 30, 2021",10:00p,@,Sacramento Kings,W,117,92,12,11,W 2,,Away
2021,Los Angeles Lakers,24,"Fri, Dec 3, 2021",10:00p,,Los Angeles Clippers,L,115,119,12,12,L 1,,Home
2021,Los Angeles Lakers,25,"Tue, Dec 7, 2021",10:00p,,Boston Celtics,W,117,102,13,12,W 1,,Home
2021,Los Angeles Lakers,26,"Thu, Dec 9, 2021",8:00p,@,Memphis Grizzlies,L,95,108,13,13,L 1,,Away
2021,Los Angeles Lakers,27,"Fri, Dec 10, 2021",8:00p,@,Oklahoma City Thunder,W,116,95,14,13,W 1,,Away
2021,Los Angeles Lakers,28,"Sun, Dec 12, 2021",9:30p,,Orlando Magic,W,106,94,15,13,W 2,,Home
2021,Los Angeles Lakers,29,"Wed, Dec 15, 2021",7:30p,@,Dallas Mavericks,W,107,104,16,13,W 3,,Away
2021,Los Angeles Lakers,30,"Fri, Dec 17, 2021",10:00p,@,Minnesota Timberwolves,L,92,110,16,14,L 1,,Away
2021,Los Angeles Lakers,31,"Sun, Dec 19, 2021",8:00p,@,Chicago Bulls,L,110,115,16,15,L 2,,Away
2021,Los Angeles Lakers,32,"Tue, Dec 21, 2021",10:00p,,Phoenix Suns,L,90,108,16,16,L 3,,Home
2021,Los Angeles Lakers,33,"Thu, Dec 23, 2021",10:30p,,San Antonio Spurs,L,110,138,16,17,L 4,,Home
2021,Los Angeles Lakers,34,"Sat, Dec 25, 2021",8:00p,,Brooklyn Nets,L,115,122,16,18,L 5,,Home
2021,Los Angeles Lakers,35,"Tue, Dec 28, 2021",8:00p,@,Houston Rockets,W,132,123,17,18,W 1,,Away
2021,Los Angeles Lakers,36,"Wed, Dec 29, 2021",8:00p,@,Memphis Grizzlies,L,99,104,17,19,L 1,,Away
2021,Los Angeles Lakers,37,"Fri, Dec 31, 2021",10:30p,,Portland Trail Blazers,W,139,106,18,19,W 1,,Home
2021,Los Angeles Lakers,38,"Sun, Jan 2, 2022",9:30p,,Minnesota Timberwolves,W,108,103,19,19,W 2,,Home
2021,Los Angeles Lakers,39,"Tue, Jan 4, 2022",10:30p,,Sacramento Kings,W,122,114,20,19,W 3,,Home
2021,Los Angeles Lakers,40,"Fri, Jan 7, 2022",10:00p,,Atlanta Hawks,W,134,118,21,19,W 4,,Home
2021,Los Angeles Lakers,41,"Sun, Jan 9, 2022",9:30p,,Memphis Grizzlies,L,119,127,21,20,L 1,,Home
2021,Los Angeles Lakers,42,"Wed, Jan 12, 2022",10:00p,@,Sacramento Kings,L,116,125,21,21,L 2,,Away
2021,Los Angeles Lakers,43,"Sat, Jan 15, 2022",9:00p,@,Denver Nuggets,L,96,133,21,22,L 3,,Away
2021,Los Angeles Lakers,44,"Mon, Jan 17, 2022",10:30p,,Utah Jazz,W,101,95,22,22,W 1,,Home
2021,Los Angeles Lakers,45,"Wed, Jan 19, 2022",10:30p,,Indiana Pacers,L,104,111,22,23,L 1,,Home
2021,Los Angeles Lakers,46,"Fri, Jan 21, 2022",7:00p,@,Orlando Magic,W,116,105,23,23,W 1,,Away
2021,Los Angeles Lakers,47,"Sun, Jan 23, 2022",6:00p,@,Miami Heat,L,107,113,23,24,L 1,,Away
2021,Los Angeles Lakers,48,"Tue, Jan 25, 2022",7:30p,@,Brooklyn Nets,W,106,96,24,24,W 1,,Away
2021,Los Angeles Lakers,49,"Thu, Jan 27, 2022",7:30p,@,Philadelphia 76ers,L,87,105,24,25,L 1,,Away
2021,Los Angeles Lakers,50,"Fri, Jan 28, 2022",7:30p,@,Charlotte Hornets,L,114,117,24,26,L 2,,Away
2021,Los Angeles Lakers,51,"Sun, Jan 30, 2022",1:00p,@,Atlanta Hawks,L,121,129,24,27,L 3,,Away
2021,Los Angeles Lakers,52,"Wed, Feb 2, 2022",10:30p,,Portland Trail Blazers,W,99,94,25,27,W 1,,Home
2021,Los Angeles Lakers,53,"Thu, Feb 3, 2022",10:00p,@,Los Angeles Clippers,L,110,111,25,28,L 1,,Away
2021,Los Angeles Lakers,54,"Sat, Feb 5, 2022",8:30p,,New York Knicks,W,122,115,26,28,W 1,,Home
2021,Los Angeles Lakers,55,"Tue, Feb 8, 2022",10:00p,,Milwaukee Bucks,L,116,131,26,29,L 1,,Home
2021,Los Angeles Lakers,56,"Wed, Feb 9, 2022",10:00p,@,Portland Trail Blazers,L,105,107,26,30,L 2,,Away
2021,Los Angeles Lakers,57,"Sat, Feb 12, 2022",8:30p,@,Golden State Warriors,L,115,117,26,31,L 3,,Away
2021,Los Angeles Lakers,58,"Wed, Feb 16, 2022",10:00p,,Utah Jazz,W,106,101,27,31,W 1,,Home
2021,Los Angeles Lakers,59,"Fri, Feb 25, 2022",10:00p,,Los Angeles Clippers,L,102,105,27,32,L 1,,Home
2021,Los Angeles Lakers,60,"Sun, Feb 27, 2022",10:00p,,New Orleans Pelicans,L,95,123,27,33,L 2,,Home
2021,Los Angeles Lakers,61,"Tue, Mar 1, 2022",10:00p,,Dallas Mavericks,L,104,109,27,34,L 3,,Home
2021,Los Angeles Lakers,62,"Thu, Mar 3, 2022",10:00p,@,Los Angeles Clippers,L,111,132,27,35,L 4,,Away
2021,Los Angeles Lakers,63,"Sat, Mar 5, 2022",8:30p,,Golden State Warriors,W,124,116,28,35,W 1,,Home
2021,Los Angeles Lakers,64,"Mon, Mar 7, 2022",8:30p,@,San Antonio Spurs,L,110,117,28,36,L 1,,Away
2021,Los Angeles Lakers,65,"Wed, Mar 9, 2022",8:00p,@,Houston Rockets,L,130,139,28,37,L 2,,Away
2021,Los Angeles Lakers,66,"Fri, Mar 11, 2022",10:30p,,Washington Wizards,W,122,109,29,37,W 1,,Home
2021,Los Angeles Lakers,67,"Sun, Mar 13, 2022",9:00p,@,Phoenix Suns,L,111,140,29,38,L 1,,Away
2021,Los Angeles Lakers,68,"Mon, Mar 14, 2022",10:30p,,Toronto Raptors,L,103,114,29,39,L 2,,Home
2021,Los Angeles Lakers,69,"Wed, Mar 16, 2022",8:00p,@,Minnesota Timberwolves,L,104,124,29,40,L 3,,Away
2021,Los Angeles Lakers,70,"Fri, Mar 18, 2022",7:30p,@,Toronto Raptors,W,128,123,30,40,W 1,,Away
2021,Los Angeles Lakers,71,"Sat, Mar 19, 2022",8:00p,@,Washington Wizards,L,119,127,30,41,L 1,,Away
2021,Los Angeles Lakers,72,"Mon, Mar 21, 2022",7:00p,@,Cleveland Cavaliers,W,131,120,31,41,W 1,,Away
2021,Los Angeles Lakers,73,"Wed, Mar 23, 2022",10:00p,,Philadelphia 76ers,L,121,126,31,42,L 1,,Home
2021,Los Angeles Lakers,74,"Sun, Mar 27, 2022",7:00p,@,New Orleans Pelicans,L,108,116,31,43,L 2,,Away
2021,Los Angeles Lakers,75,"Tue, Mar 29, 2022",7:30p,@,Dallas Mavericks,L,110,128,31,44,L 3,,Away
2021,Los Angeles Lakers,76,"Thu, Mar 31, 2022",10:00p,@,Utah Jazz,L,109,122,31,45,L 4,,Away
2021,Los Angeles Lakers,77,"Fri, Apr 1, 2022",10:30p,,New Orleans Pelicans,L,111,114,31,46,L 5,,Home
2021,Los Angeles Lakers,78,"Sun, Apr 3, 2022",3:30p,,Denver Nuggets,L,118,129,31,47,L 6,,Home
2021,Los Angeles Lakers,79,"Tue, Apr 5, 2022",10:30p,@,Phoenix Suns,L,110,121,31,48,L 7,,Away
2021,Los Angeles Lakers,80,"Thu, Apr 7, 2022",10:00p,@,Golden State Warriors,L,112,128,31,49,L 8,,Away
2021,Los Angeles Lakers,81,"Fri, Apr 8, 2022",10:30p,,Oklahoma City Thunder,W,120,101,32,49,W 1,,Home
2021,Los Angeles Lakers,82,"Sun, Apr 10, 2022",9:30p,@,Denver Nuggets,W,146,141,33,49,W 2,,Away
2020,Los Angeles Lakers,1,"Tue, Dec 22, 2020",10:00p,,Los Angeles Clippers,L,109,116,0,1,L 1,,Home
2020,Los Angeles Lakers,2,"Fri, Dec 25, 2020",8:00p,,Dallas Mavericks,W,138,115,1,1,W 1,,Home
2020,Los Angeles Lakers,3,"Sun, Dec 27, 2020",10:00p,,Minnesota Timberwolves,W,127,91,2,1,W 2,,Home
2020,Los Angeles Lakers,4,"Mon, Dec 28, 2020",10:00p,,Portland Trail Blazers,L,107,115,2,2,L 1,,Home
2020,Los Angeles Lakers,5,"Wed, Dec 30, 2020",8:30p,@,San Antonio Spurs,W,121,107,3,2,W 1,,Away
2020,Los Angeles Lakers,6,"Fri, Jan 1, 2021",8:00p,@,San Antonio Spurs,W,109,103,4,2,W 2,,Away
2020,Los Angeles Lakers,7,"Sun, Jan 3, 2021",6:00p,@,Memphis Grizzlies,W,108,94,5,2,W 3,,Away
2020,Los Angeles Lakers,8,"Tue, Jan 5, 2021",8:00p,@,Memphis Grizzlies,W,94,92,6,2,W 4,,Away
2020,Los Angeles Lakers,9,"Thu, Jan 7, 2021",10:00p,,San Antonio Spurs,L,109,118,6,3,L 1,,Home
2020,Los Angeles Lakers,10,"Fri, Jan 8, 2021",10:00p,,Chicago Bulls,W,117,115,7,3,W 1,,Home
2020,Los Angeles Lakers,11,"Sun, Jan 10, 2021",7:00p,@,Houston Rockets,W,120,102,8,3,W 2,,Away
2020,Los Angeles Lakers,12,"Tue, Jan 12, 2021",8:00p,@,Houston Rockets,W,117,100,9,3,W 3,,Away
2020,Los Angeles Lakers,13,"Wed, Jan 13, 2021",8:00p,@,Oklahoma City Thunder,W,128,99,10,3,W 4,,Away
2020,Los Angeles Lakers,14,"Fri, Jan 15, 2021",10:00p,,New Orleans Pelicans,W,112,95,11,3,W 5,,Home
2020,Los Angeles Lakers,15,"Mon, Jan 18, 2021",10:00p,,Golden State Warriors,L,113,115,11,4,L 1,,Home
2020,Los Angeles Lakers,16,"Thu, Jan 21, 2021",7:30p,@,Milwaukee Bucks,W,113,106,12,4,W 1,,Away
2020,Los Angeles Lakers,17,"Sat, Jan 23, 2021",9:00p,@,Chicago Bulls,W,101,90,13,4,W 2,,Away
2020,Los Angeles Lakers,18,"Mon, Jan 25, 2021",8:00p,@,Cleveland Cavaliers,W,115,108,14,4,W 3,,Away
2020,Los Angeles Lakers,19,"Wed, Jan 27, 2021",7:30p,@,Philadelphia 76ers,L,106,107,14,5,L 1,,Away
2020,Los Angeles Lakers,20,"Thu, Jan 28, 2021",8:00p,@,Detroit Pistons,L,92,107,14,6,L 2,,Away
2020,Los Angeles Lakers,21,"Sat, Jan 30, 2021",8:30p,@,Boston Celtics,W,96,95,15,6,W 1,,Away
2020,Los Angeles Lakers,22,"Mon, Feb 1, 2021",7:30p,@,Atlanta Hawks,W,107,99,16,6,W 2,,Away
2020,Los Angeles Lakers,23,"Thu, Feb 4, 2021",10:00p,,Denver Nuggets,W,114,93,17,6,W 3,,Home
2020,Los Angeles Lakers,24,"Sat, Feb 6, 2021",10:00p,,Detroit Pistons,W,135,129,18,6,W 4,,Home
2020,Los Angeles Lakers,25,"Mon, Feb 8, 2021",10:00p,,Oklahoma City Thunder,W,119,112,19,6,W 5,,Home
2020,Los Angeles Lakers,26,"Wed, Feb 10, 2021",10:00p,,Oklahoma City Thunder,W,114,113,20,6,W 6,,Home
2020,Los Angeles Lakers,27,"Fri, Feb 12, 2021",10:00p,,Memphis Grizzlies,W,115,105,21,6,W 7,,Home
2020,Los Angeles Lakers,28,"Sun, Feb 14, 2021",10:00p,@,Denver Nuggets,L,105,122,21,7,L 1,,Away
2020,Los Angeles Lakers,29,"Tue, Feb 16, 2021",8:00p,@,Minnesota Timberwolves,W,112,104,22,7,W 1,,Away
2020,Los Angeles Lakers,30,"Thu, Feb 18, 2021",10:00p,,Brooklyn Nets,L,98,109,22,8,L 1,,Home
2020,Los Angeles Lakers,31,"Sat, Feb 20, 2021",8:30p,,Miami Heat,L,94,96,22,9,L 2,,Home
2020,Los Angeles Lakers,32,"Mon, Feb 22, 2021",10:00p,,Washington Wizards,L,124,127,22,10,L 3,,Home
2020,Los Angeles Lakers,33,"Wed, Feb 24, 2021",10:00p,@,Utah Jazz,L,89,114,22,11,L 4,,Away
2020,Los Angeles Lakers,34,"Fri, Feb 26, 2021",10:00p,,Portland Trail Blazers,W,102,93,23,11,W 1,,Home
2020,Los Angeles Lakers,35,"Sun, Feb 28, 2021",8:00p,,Golden State Warriors,W,117,91,24,11,W 2,,Home
2020,Los Angeles Lakers,36,"Tue, Mar 2, 2021",10:00p,,Phoenix Suns,L,104,114,24,12,L 1,,Home
2020,Los Angeles Lakers,37,"Wed, Mar 3, 2021",10:00p,@,Sacramento Kings,L,120,123,24,13,L 2,,Away
2020,Los Angeles Lakers,38,"Fri, Mar 12, 2021",10:30p,,Indiana Pacers,W,105,100,25,13,W 1,,Home
2020,Los Angeles Lakers,39,"Mon, Mar 15, 2021",10:30p,@,Golden State Warriors,W,128,97,26,13,W 2,,Away
2020,Los Angeles Lakers,40,"Tue, Mar 16, 2021",10:30p,,Minnesota Timberwolves,W,137,121,27,13,W 3,,Home
2020,Los Angeles Lakers,41,"Thu, Mar 18, 2021",10:30p,,Charlotte Hornets,W,116,105,28,13,W 4,,Home
2020,Los Angeles Lakers,42,"Sat, Mar 20, 2021",3:30p,,Atlanta Hawks,L,94,99,28,14,L 1,,Home
2020,Los Angeles Lakers,43,"Sun, Mar 21, 2021",10:00p,@,Phoenix Suns,L,94,111,28,15,L 2,,Away
2020,Los Angeles Lakers,44,"Tue, Mar 23, 2021",7:30p,@,New Orleans Pelicans,L,111,128,28,16,L 3,,Away
2020,Los Angeles Lakers,45,"Thu, Mar 25, 2021",10:00p,,Philadelphia 76ers,L,101,109,28,17,L 4,,Home
2020,Los Angeles Lakers,46,"Fri, Mar 26, 2021",10:30p,,Cleveland Cavaliers,W,100,86,29,17,W 1,,Home
2020,Los Angeles Lakers,47,"Sun, Mar 28, 2021",10:00p,,Orlando Magic,W,96,93,30,17,W 2,,Home
2020,Los Angeles Lakers,48,"Wed, Mar 31, 2021",10:00p,,Milwaukee Bucks,L,97,112,30,18,L 1,,Home
2020,Los Angeles Lakers,49,"Fri, Apr 2, 2021",10:00p,@,Sacramento Kings,W,115,94,31,18,W 1,,Away
2020,Los Angeles Lakers,50,"Sun, Apr 4, 2021",3:30p,@,Los Angeles Clippers,L,86,104,31,19,L 1,,Away
2020,Los Angeles Lakers,51,"Tue, Apr 6, 2021",7:30p,@,Toronto Raptors,W,110,101,32,19,W 1,,Away
2020,Los Angeles Lakers,52,"Thu, Apr 8, 2021",7:30p,@,Miami Heat,L,104,110,32,20,L 1,,Away
2020,Los Angeles Lakers,53,"Sat, Apr 10, 2021",8:30p,@,Brooklyn Nets,W,126,101,33,20,W 1,,Away
2020,Los Angeles Lakers,54,"Mon, Apr 12, 2021",7:30p,@,New York Knicks,L,96,111,33,21,L 1,,Away
2020,Los Angeles Lakers,55,"Tue, Apr 13, 2021",8:00p,@,Charlotte Hornets,W,101,93,34,21,W 1,,Away
2020,Los Angeles Lakers,56,"Thu, Apr 15, 2021",10:00p,,Boston Celtics,L,113,121,34,22,L 1,,Home
2020,Los Angeles Lakers,57,"Sat, Apr 17, 2021",4:30p,,Utah Jazz,W,127,115,35,22,W 1,,Home
2020,Los Angeles Lakers,58,"Mon, Apr 19, 2021",10:00p,,Utah Jazz,L,97,111,35,23,L 1,,Home
2020,Los Angeles Lakers,59,"Thu, Apr 22, 2021",9:30p,@,Dallas Mavericks,L,110,115,35,24,L 2,,Away
2020,Los Angeles Lakers,60,"Sat, Apr 24, 2021",8:30p,@,Dallas Mavericks,L,93,108,35,25,L 3,,Away
2020,Los Angeles Lakers,61,"Mon, Apr 26, 2021",7:00p,@,Orlando Magic,W,114,103,36,25,W 1,,Away
2020,Los Angeles Lakers,62,"Wed, Apr 28, 2021",7:30p,@,Washington Wizards,L,107,116,36,26,L 1,,Away
2020,Los Angeles Lakers,63,"Fri, Apr 30, 2021",10:30p,,Sacramento Kings,L,106,110,36,27,L 2,,Home
2020,Los Angeles Lakers,64,"Sun, May 2, 2021",10:00p,,Toronto Raptors,L,114,121,36,28,L 3,,Home
2020,Los Angeles Lakers,65,"Mon, May 3, 2021",10:00p,,Denver Nuggets,W,93,89,37,28,W 1,,Home
2020,Los Angeles Lakers,66,"Thu, May 6, 2021",10:00p,@,Los Angeles Clippers,L,94,118,37,29,L 1,,Away
2020,Los Angeles Lakers,67,"Fri, May 7, 2021",10:00p,@,Portland Trail Blazers,L,101,106,37,30,L 2,,Away
2020,Los Angeles Lakers,68,"Sun, May 9, 2021",10:00p,,Phoenix Suns,W,123,110,38,30,W 1,,Home
2020,Los Angeles Lakers,69,"Tue, May 11, 2021",10:00p,,New York Knicks,W,101,99,39,30,W 2,,Home
2020,Los Angeles Lakers,70,"Wed, May 12, 2021",10:30p,,Houston Rockets,W,124,122,40,30,W 3,,Home
2020,Los Angeles Lakers,71,"Sat, May 15, 2021",1:00p,@,Indiana Pacers,W,122,115,41,30,W 4,,Away
2020,Los Angeles Lakers,72,"Sun, May 16, 2021",9:00p,@,New Orleans Pelicans,W,110,98,42,30,W 5,,Away
2020,Los Angeles Lakers,73,"Wed, May 19, 2021",10:00p,,Golden State Warriors,W,103,100,43,30,W 6,Play-In Game,Home
